"#紹介文",
"#",
"#ボナンザ６．０アレンジ式きふわらべ２駒関係",
"#",
"#----------------------------------------",
"# 
1P桂
",
"#----------------------------------------",
"#",
"#常に先手は正の数、後手は負の数の絶対値が大きい方が有利。０は互角。",

"Version",1.0,

"#----------------------------------------",
"#vs 1P歩",
"#----------------------------------------",
"# 　０枚                                           　１枚                                           　２枚                                           　３枚                                           　４枚                                      ",
       0,   0,   0,   0,   0,   0,   0,   0,   0,       0,   0,   0,   0,   0,   0,   0,   0,   0,       0,   0,   0,   0,   0,   0,   0,   0,   0,       0,   0,   0,   0,   0,   0,   0,   0,   0,       0,   0,   0,   0,   0,   0,   0,   0,   0,
       0,   0,   0,   0,   0,   0,   0,   0,   0,       0,   0,   0,   0,   0,   0,   0,   0,   0,       0,   0,   0,   0,   0,   0,   0,   0,   0,       0,   0,   0,   0,   0,   0,   0,   0,   0,       0,   0,   0,   0,   0,   0,   0,   0,   0,
       0,   0,   0,   0,   0,   0,   0,   0,   0,       0,   0,   0,   0,   0,   0,   0,   0,   0,       0,   0,   0,   0,   0,   0,   0,   0,   0,       0,   0,   0,   0,   0,   0,   0,   0,   0,       0,   0,   0,   0,   0,   0,   0,   0,   0,
       0,   0,   0,   0,   0,   0,   0,   0,   0,       0,   0,   0,   0,   0,   0,   0,   0,   0,       0,   0,   0,   0,   0,   0,   0,   0,   0,       0,   0,   0,   0,   0,   0,   0,   0,   0,       0,   0,   0,   0,   0,   0,   0,   0,   0,
       0,   0,   0,   0,   0,   0,   0,   0,   0,       0,   0,   0,   0,   0,   0,   0,   0,   0,       0,   0,   0,   0,   0,   0,   0,   0,   0,       0,   0,   0,   0,   0,   0,   0,   0,   0,       0,   0,   0,   0,   0,   0,   0,   0,   0,
       0,   0,   0,   0,   0,   0,   0,   0,   0,       0,   0,   0,   0,   0,   0,   0,   0,   0,       0,   0,   0,   0,   0,   0,   0,   0,   0,       0,   0,   0,   0,   0,   0,   0,   0,   0,       0,   0,   0,   0,   0,   0,   0,   0,   0,
       0,   0,   0,   0,   0,   0,   0,   0,   0,       0,   0,   0,   0,   0,   0,   0,   0,   0,       0,   0,   0,   0,   0,   0,   0,   0,   0,       0,   0,   0,   0,   0,   0,   0,   0,   0,       0,   0,   0,   0,   0,   0,   0,   0,   0,
       0,   0,   0,   0,   0,   0,   0,   0,   0,       0,   0,   0,   0,   0,   0,   0,   0,   0,       0,   0,   0,   0,   0,   0,   0,   0,   0,       0,   0,   0,   0,   0,   0,   0,   0,   0,       0,   0,   0,   0,   0,   0,   0,   0,   0,
       0,   0,   0,   0,   0,   0,   0,   0,   0,       0,   0,   0,   0,   0,   0,   0,   0,   0,       0,   0,   0,   0,   0,   0,   0,   0,   0,       0,   0,   0,   0,   0,   0,   0,   0,   0,       0,   0,   0,   0,   0,   0,   0,   0,   0,

"#----------------------------------------",
"#vs 1P香",
"#----------------------------------------",
"# 　０枚                                           　１枚                                           　２枚                                           　３枚                                           　４枚                                      ",
       0,   0,   0,   0,   0,   0,   0,   0,   0,       0,   0,   0,   0,   0,   0,   0,   0,   0,       0,   0,   0,   0,   0,   0,   0,   0,   0,       0,   0,   0,   0,   0,   0,   0,   0,   0,       0,   0,   0,   0,   0,   0,   0,   0,   0,
       0,   0,   0,   0,   0,   0,   0,   0,   0,       0,   0,   0,   0,   0,   0,   0,   0,   0,       0,   0,   0,   0,   0,   0,   0,   0,   0,       0,   0,   0,   0,   0,   0,   0,   0,   0,       0,   0,   0,   0,   0,   0,   0,   0,   0,
       0,   0,   0,   0,   0,   0,   0,   0,   0,       0,   0,   0,   0,   0,   0,   0,   0,   0,       0,   0,   0,   0,   0,   0,   0,   0,   0,       0,   0,   0,   0,   0,   0,   0,   0,   0,       0,   0,   0,   0,   0,   0,   0,   0,   0,
       0,   0,   0,   0,   0,   0,   0,   0,   0,       0,   0,   0,   0,   0,   0,   0,   0,   0,       0,   0,   0,   0,   0,   0,   0,   0,   0,       0,   0,   0,   0,   0,   0,   0,   0,   0,       0,   0,   0,   0,   0,   0,   0,   0,   0,
       0,   0,   0,   0,   0,   0,   0,   0,   0,       0,   0,   0,   0,   0,   0,   0,   0,   0,       0,   0,   0,   0,   0,   0,   0,   0,   0,       0,   0,   0,   0,   0,   0,   0,   0,   0,       0,   0,   0,   0,   0,   0,   0,   0,   0,
       0,   0,   0,   0,   0,   0,   0,   0,   0,       0,   0,   0,   0,   0,   0,   0,   0,   0,       0,   0,   0,   0,   0,   0,   0,   0,   0,       0,   0,   0,   0,   0,   0,   0,   0,   0,       0,   0,   0,   0,   0,   0,   0,   0,   0,
       0,   0,   0,   0,   0,   0,   0,   0,   0,       0,   0,   0,   0,   0,   0,   0,   0,   0,       0,   0,   0,   0,   0,   0,   0,   0,   0,       0,   0,   0,   0,   0,   0,   0,   0,   0,       0,   0,   0,   0,   0,   0,   0,   0,   0,
       0,   0,   0,   0,   0,   0,   0,   0,   0,       0,   0,   0,   0,   0,   0,   0,   0,   0,       0,   0,   0,   0,   0,   0,   0,   0,   0,       0,   0,   0,   0,   0,   0,   0,   0,   0,       0,   0,   0,   0,   0,   0,   0,   0,   0,
       0,   0,   0,   0,   0,   0,   0,   0,   0,       0,   0,   0,   0,   0,   0,   0,   0,   0,       0,   0,   0,   0,   0,   0,   0,   0,   0,       0,   0,   0,   0,   0,   0,   0,   0,   0,       0,   0,   0,   0,   0,   0,   0,   0,   0,

"#----------------------------------------",
"#vs 1P桂",
"#----------------------------------------",
"# 　０枚                                           　１枚                                           　２枚                                           　３枚                                           　４枚                                      ",
       0,   0,   0,   0,   0,   0,   0,   0,   0,       0,   0,   0,   0,   0,   0,   0,   0,   0,       0,   0,   0,   0,   0,   0,   0,   0,   0,       0,   0,   0,   0,   0,   0,   0,   0,   0,       0,   0,   0,   0,   0,   0,   0,   0,   0,
       0,   0,   0,   0,   0,   0,   0,   0,   0,       0,   0,   0,   0,   0,   0,   0,   0,   0,       0,   0,   0,   0,   0,   0,   0,   0,   0,       0,   0,   0,   0,   0,   0,   0,   0,   0,       0,   0,   0,   0,   0,   0,   0,   0,   0,
       0,   0,   0,   0,   0,   0,   0,   0,   0,       0,   0,   0,   0,   0,   0,   0,   0,   0,       0,   0,   0,   0,   0,   0,   0,   0,   0,       0,   0,   0,   0,   0,   0,   0,   0,   0,       0,   0,   0,   0,   0,   0,   0,   0,   0,
       0,   0,   0,   0,   0,   0,   0,   0,   0,       0,   0,   0,   0,   0,   0,   0,   0,   0,       0,   0,   0,   0,   0,   0,   0,   0,   0,       0,   0,   0,   0,   0,   0,   0,   0,   0,       0,   0,   0,   0,   0,   0,   0,   0,   0,
       0,   0,   0,   0,   0,   0,   0,   0,   0,       0,   0,   0,   0,   0,   0,   0,   0,   0,       0,   0,   0,   0,   0,   0,   0,   0,   0,       0,   0,   0,   0,   0,   0,   0,   0,   0,       0,   0,   0,   0,   0,   0,   0,   0,   0,
       0,   0,   0,   0,   0,   0,   0,   0,   0,       0,   0,   0,   0,   0,   0,   0,   0,   0,       0,   0,   0,   0,   0,   0,   0,   0,   0,       0,   0,   0,   0,   0,   0,   0,   0,   0,       0,   0,   0,   0,   0,   0,   0,   0,   0,
       0,   0,   0,   0,   0,   0,   0,   0,   0,       0,   0,   0,   0,   0,   0,   0,   0,   0,       0,   0,   0,   0,   0,   0,   0,   0,   0,       0,   0,   0,   0,   0,   0,   0,   0,   0,       0,   0,   0,   0,   0,   0,   0,   0,   0,
       0,   0,   0,   0,   0,   0,   0,   0,   0,       0,   0,   0,   0,   0,   0,   0,   0,   0,       0,   0,   0,   0,   0,   0,   0,   0,   0,       0,   0,   0,   0,   0,   0,   0,   0,   0,       0,   0,   0,   0,   0,   0,   0,   0,   0,
       0,   0,   0,   0,   0,   0,   0,   0,   0,       0,   0,   0,   0,   0,   0,   0,   0,   0,       0,   0,   0,   0,   0,   0,   0,   0,   0,       0,   0,   0,   0,   0,   0,   0,   0,   0,       0,   0,   0,   0,   0,   0,   0,   0,   0,

"#----------------------------------------",
"#vs 1P銀",
"#----------------------------------------",
"# 　０枚                                           　１枚                                           　２枚                                           　３枚                                           　４枚                                      ",
       0,   0,   0,   0,   0,   0,   0,   0,   0,       0,   0,   0,   0,   0,   0,   0,   0,   0,       0,   0,   0,   0,   0,   0,   0,   0,   0,       0,   0,   0,   0,   0,   0,   0,   0,   0,       0,   0,   0,   0,   0,   0,   0,   0,   0,
       0,   0,   0,   0,   0,   0,   0,   0,   0,       0,   0,   0,   0,   0,   0,   0,   0,   0,       0,   0,   0,   0,   0,   0,   0,   0,   0,       0,   0,   0,   0,   0,   0,   0,   0,   0,       0,   0,   0,   0,   0,   0,   0,   0,   0,
       0,   0,   0,   0,   0,   0,   0,   0,   0,       0,   0,   0,   0,   0,   0,   0,   0,   0,       0,   0,   0,   0,   0,   0,   0,   0,   0,       0,   0,   0,   0,   0,   0,   0,   0,   0,       0,   0,   0,   0,   0,   0,   0,   0,   0,
       0,   0,   0,   0,   0,   0,   0,   0,   0,       0,   0,   0,   0,   0,   0,   0,   0,   0,       0,   0,   0,   0,   0,   0,   0,   0,   0,       0,   0,   0,   0,   0,   0,   0,   0,   0,       0,   0,   0,   0,   0,   0,   0,   0,   0,
       0,   0,   0,   0,   0,   0,   0,   0,   0,       0,   0,   0,   0,   0,   0,   0,   0,   0,       0,   0,   0,   0,   0,   0,   0,   0,   0,       0,   0,   0,   0,   0,   0,   0,   0,   0,       0,   0,   0,   0,   0,   0,   0,   0,   0,
       0,   0,   0,   0,   0,   0,   0,   0,   0,       0,   0,   0,   0,   0,   0,   0,   0,   0,       0,   0,   0,   0,   0,   0,   0,   0,   0,       0,   0,   0,   0,   0,   0,   0,   0,   0,       0,   0,   0,   0,   0,   0,   0,   0,   0,
       0,   0,   0,   0,   0,   0,   0,   0,   0,       0,   0,   0,   0,   0,   0,   0,   0,   0,       0,   0,   0,   0,   0,   0,   0,   0,   0,       0,   0,   0,   0,   0,   0,   0,   0,   0,       0,   0,   0,   0,   0,   0,   0,   0,   0,
       0,   0,   0,   0,   0,   0,   0,   0,   0,       0,   0,   0,   0,   0,   0,   0,   0,   0,       0,   0,   0,   0,   0,   0,   0,   0,   0,       0,   0,   0,   0,   0,   0,   0,   0,   0,       0,   0,   0,   0,   0,   0,   0,   0,   0,
       0,   0,   0,   0,   0,   0,   0,   0,   0,       0,   0,   0,   0,   0,   0,   0,   0,   0,       0,   0,   0,   0,   0,   0,   0,   0,   0,       0,   0,   0,   0,   0,   0,   0,   0,   0,       0,   0,   0,   0,   0,   0,   0,   0,   0,

"#----------------------------------------",
"#vs 1P金",
"#----------------------------------------",
"# 　０枚                                           　１枚                                           　２枚                                           　３枚                                           　４枚                                      ",
       0,   0,   0,   0,   0,   0,   0,   0,   0,       0,   0,   0,   0,   0,   0,   0,   0,   0,       0,   0,   0,   0,   0,   0,   0,   0,   0,       0,   0,   0,   0,   0,   0,   0,   0,   0,       0,   0,   0,   0,   0,   0,   0,   0,   0,
       0,   0,   0,   0,   0,   0,   0,   0,   0,       0,   0,   0,   0,   0,   0,   0,   0,   0,       0,   0,   0,   0,   0,   0,   0,   0,   0,       0,   0,   0,   0,   0,   0,   0,   0,   0,       0,   0,   0,   0,   0,   0,   0,   0,   0,
       0,   0,   0,   0,   0,   0,   0,   0,   0,       0,   0,   0,   0,   0,   0,   0,   0,   0,       0,   0,   0,   0,   0,   0,   0,   0,   0,       0,   0,   0,   0,   0,   0,   0,   0,   0,       0,   0,   0,   0,   0,   0,   0,   0,   0,
       0,   0,   0,   0,   0,   0,   0,   0,   0,       0,   0,   0,   0,   0,   0,   0,   0,   0,       0,   0,   0,   0,   0,   0,   0,   0,   0,       0,   0,   0,   0,   0,   0,   0,   0,   0,       0,   0,   0,   0,   0,   0,   0,   0,   0,
       0,   0,   0,   0,   0,   0,   0,   0,   0,       0,   0,   0,   0,   0,   0,   0,   0,   0,       0,   0,   0,   0,   0,   0,   0,   0,   0,       0,   0,   0,   0,   0,   0,   0,   0,   0,       0,   0,   0,   0,   0,   0,   0,   0,   0,
       0,   0,   0,   0,   0,   0,   0,   0,   0,       0,   0,   0,   0,   0,   0,   0,   0,   0,       0,   0,   0,   0,   0,   0,   0,   0,   0,       0,   0,   0,   0,   0,   0,   0,   0,   0,       0,   0,   0,   0,   0,   0,   0,   0,   0,
       0,   0,   0,   0,   0,   0,   0,   0,   0,       0,   0,   0,   0,   0,   0,   0,   0,   0,       0,   0,   0,   0,   0,   0,   0,   0,   0,       0,   0,   0,   0,   0,   0,   0,   0,   0,       0,   0,   0,   0,   0,   0,   0,   0,   0,
       0,   0,   0,   0,   0,   0,   0,   0,   0,       0,   0,   0,   0,   0,   0,   0,   0,   0,       0,   0,   0,   0,   0,   0,   0,   0,   0,       0,   0,   0,   0,   0,   0,   0,   0,   0,       0,   0,   0,   0,   0,   0,   0,   0,   0,
       0,   0,   0,   0,   0,   0,   0,   0,   0,       0,   0,   0,   0,   0,   0,   0,   0,   0,       0,   0,   0,   0,   0,   0,   0,   0,   0,       0,   0,   0,   0,   0,   0,   0,   0,   0,       0,   0,   0,   0,   0,   0,   0,   0,   0,

"#----------------------------------------",
"#vs 1P飛",
"#----------------------------------------",
"# 　０枚                                           　１枚                                           　２枚                                           　３枚                                           　４枚                                      ",
       0,   0,   0,   0,   0,   0,   0,   0,   0,       0,   0,   0,   0,   0,   0,   0,   0,   0,       0,   0,   0,   0,   0,   0,   0,   0,   0,       0,   0,   0,   0,   0,   0,   0,   0,   0,       0,   0,   0,   0,   0,   0,   0,   0,   0,
       0,   0,   0,   0,   0,   0,   0,   0,   0,       0,   0,   0,   0,   0,   0,   0,   0,   0,       0,   0,   0,   0,   0,   0,   0,   0,   0,       0,   0,   0,   0,   0,   0,   0,   0,   0,       0,   0,   0,   0,   0,   0,   0,   0,   0,
       0,   0,   0,   0,   0,   0,   0,   0,   0,       0,   0,   0,   0,   0,   0,   0,   0,   0,       0,   0,   0,   0,   0,   0,   0,   0,   0,       0,   0,   0,   0,   0,   0,   0,   0,   0,       0,   0,   0,   0,   0,   0,   0,   0,   0,
       0,   0,   0,   0,   0,   0,   0,   0,   0,       0,   0,   0,   0,   0,   0,   0,   0,   0,       0,   0,   0,   0,   0,   0,   0,   0,   0,       0,   0,   0,   0,   0,   0,   0,   0,   0,       0,   0,   0,   0,   0,   0,   0,   0,   0,
       0,   0,   0,   0,   0,   0,   0,   0,   0,       0,   0,   0,   0,   0,   0,   0,   0,   0,       0,   0,   0,   0,   0,   0,   0,   0,   0,       0,   0,   0,   0,   0,   0,   0,   0,   0,       0,   0,   0,   0,   0,   0,   0,   0,   0,
       0,   0,   0,   0,   0,   0,   0,   0,   0,       0,   0,   0,   0,   0,   0,   0,   0,   0,       0,   0,   0,   0,   0,   0,   0,   0,   0,       0,   0,   0,   0,   0,   0,   0,   0,   0,       0,   0,   0,   0,   0,   0,   0,   0,   0,
       0,   0,   0,   0,   0,   0,   0,   0,   0,       0,   0,   0,   0,   0,   0,   0,   0,   0,       0,   0,   0,   0,   0,   0,   0,   0,   0,       0,   0,   0,   0,   0,   0,   0,   0,   0,       0,   0,   0,   0,   0,   0,   0,   0,   0,
       0,   0,   0,   0,   0,   0,   0,   0,   0,       0,   0,   0,   0,   0,   0,   0,   0,   0,       0,   0,   0,   0,   0,   0,   0,   0,   0,       0,   0,   0,   0,   0,   0,   0,   0,   0,       0,   0,   0,   0,   0,   0,   0,   0,   0,
       0,   0,   0,   0,   0,   0,   0,   0,   0,       0,   0,   0,   0,   0,   0,   0,   0,   0,       0,   0,   0,   0,   0,   0,   0,   0,   0,       0,   0,   0,   0,   0,   0,   0,   0,   0,       0,   0,   0,   0,   0,   0,   0,   0,   0,

"#----------------------------------------",
"#vs 1P角",
"#----------------------------------------",
"# 　０枚                                           　１枚                                           　２枚                                           　３枚                                           　４枚                                      ",
       0,   0,   0,   0,   0,   0,   0,   0,   0,       0,   0,   0,   0,   0,   0,   0,   0,   0,       0,   0,   0,   0,   0,   0,   0,   0,   0,       0,   0,   0,   0,   0,   0,   0,   0,   0,       0,   0,   0,   0,   0,   0,   0,   0,   0,
       0,   0,   0,   0,   0,   0,   0,   0,   0,       0,   0,   0,   0,   0,   0,   0,   0,   0,       0,   0,   0,   0,   0,   0,   0,   0,   0,       0,   0,   0,   0,   0,   0,   0,   0,   0,       0,   0,   0,   0,   0,   0,   0,   0,   0,
       0,   0,   0,   0,   0,   0,   0,   0,   0,       0,   0,   0,   0,   0,   0,   0,   0,   0,       0,   0,   0,   0,   0,   0,   0,   0,   0,       0,   0,   0,   0,   0,   0,   0,   0,   0,       0,   0,   0,   0,   0,   0,   0,   0,   0,
       0,   0,   0,   0,   0,   0,   0,   0,   0,       0,   0,   0,   0,   0,   0,   0,   0,   0,       0,   0,   0,   0,   0,   0,   0,   0,   0,       0,   0,   0,   0,   0,   0,   0,   0,   0,       0,   0,   0,   0,   0,   0,   0,   0,   0,
       0,   0,   0,   0,   0,   0,   0,   0,   0,       0,   0,   0,   0,   0,   0,   0,   0,   0,       0,   0,   0,   0,   0,   0,   0,   0,   0,       0,   0,   0,   0,   0,   0,   0,   0,   0,       0,   0,   0,   0,   0,   0,   0,   0,   0,
       0,   0,   0,   0,   0,   0,   0,   0,   0,       0,   0,   0,   0,   0,   0,   0,   0,   0,       0,   0,   0,   0,   0,   0,   0,   0,   0,       0,   0,   0,   0,   0,   0,   0,   0,   0,       0,   0,   0,   0,   0,   0,   0,   0,   0,
       0,   0,   0,   0,   0,   0,   0,   0,   0,       0,   0,   0,   0,   0,   0,   0,   0,   0,       0,   0,   0,   0,   0,   0,   0,   0,   0,       0,   0,   0,   0,   0,   0,   0,   0,   0,       0,   0,   0,   0,   0,   0,   0,   0,   0,
       0,   0,   0,   0,   0,   0,   0,   0,   0,       0,   0,   0,   0,   0,   0,   0,   0,   0,       0,   0,   0,   0,   0,   0,   0,   0,   0,       0,   0,   0,   0,   0,   0,   0,   0,   0,       0,   0,   0,   0,   0,   0,   0,   0,   0,
       0,   0,   0,   0,   0,   0,   0,   0,   0,       0,   0,   0,   0,   0,   0,   0,   0,   0,       0,   0,   0,   0,   0,   0,   0,   0,   0,       0,   0,   0,   0,   0,   0,   0,   0,   0,       0,   0,   0,   0,   0,   0,   0,   0,   0,

"#----------------------------------------",
"#vs 2P歩",
"#----------------------------------------",
"# 　０枚                                           　１枚                                           　２枚                                           　３枚                                           　４枚                                      ",
       0,   0,   0,   0,   0,   0,   0,   0,   0,       0,   0,   0,   0, 303,   3,   0,   0,   0,       0,   0,   0,   0,   0,   0,   0,   0,   0,       0,   0,   0,   0,   0,   0,   0,   0,   0,       0,   0,   0,   0,   0,   0,   0,   0,   0,
       0,   0,   0,   0,   0,   0,   0,   0,   0,       0,   0,   0,   0,   0,  -1,   0,   0,   0,       0,   0,   0,   0,   0,   0,   0,   0,   0,       0,   0,   0,   0,   0,   0,   0,   0,   0,       0,   0,   0,   0,   0,   0,   0,   0,   0,
       0,   0,   0,   0,   0,   0,   0,   0,   0,     453,-363, 454,-363,-363,-362,   0, 564,-362,     -40,   0,   0,   0,   0,   0,   0, -56, -56,       0,   0,   0,   0,   0,   0,   0,   0,   0,       0,   0,   0,   0,   0,   0,   0,   0,   0,
       0,   0,   0,   0,   0,   0,   0,   0,   0,     303, 454,-363,-363, 564,-362, 564, 564, 445,       0,   0,   0, -40,   0,   0, -56,   0,   0,       0,   0,   0,   0,   0,   0,   0,   0,   0,       0,   0,   0,   0,   0,   0,   0,   0,   0,
       0,   0,   0,   0,   0,   0,   0,   0,   0,       0, 454, -17,   0, 303,-363, 564,   0,   0,       0, -56,   0,   0,   0,   0,   0,   0,   0,       0,   0,   0,   0,   0,   0,   0,   0,   0,       0,   0,   0,   0,   0,   0,   0,   0,   0,
       0,   0,   0,   0,   0,   0,   0,   0,   0,       0,   0,  -4,   0, 445,   3,   0,   0,   0,       0,   0,   0,   0,   0,   0,   0,   0,   0,       0,   0,   0,   0,   0,   0,   0,   0,   0,       0,   0,   0,   0,   0,   0,   0,   0,   0,
       0,   0,   0,   0,   0,   0,   0,   0,   0,       0,   0,   0,   6,   0,   0,   0,   0,   0,       0,   0,   0,   0,   0,   0,   0,   0,   0,       0,   0,   0,   0,   0,   0,   0,   0,   0,       0,   0,   0,   0,   0,   0,   0,   0,   0,
       0,   0,   0,   0,   0,   0,   0,   0,   0,       0,   0,   0,   0,  -1,   3,   0,   0,   0,       0,   0,   0,   0,   0,   0,   0,   0,   0,       0,   0,   0,   0,   0,   0,   0,   0,   0,       0,   0,   0,   0,   0,   0,   0,   0,   0,
       0,   0,   0,   0,   0,   0,   0,   0,   0,       0,   0,   0,   0,   0,   0,   0,   0,   0,       0,   0,   0,   0,  -2,   0,   0,   0,   0,       0,   0,   0,   0,   0,   0,   0,   0,   0,       0,   0,   0,   0,   0,   0,   0,   0,   0,

"#----------------------------------------",
"#vs 2P香",
"#----------------------------------------",
"# 　０枚                                           　１枚                                           　２枚                                           　３枚                                           　４枚                                      ",
       0,   0,   0,   0,   0,   0,   0,   0,   0,    -360,   0,   0,   0,   0,   0,   0,   0,-360,     -56,   0,   0,   0,   0,   0,   0,   0, -56,       0,   0,   0,   0,   0,   0,   0,   0,   0,       0,   0,   0,   0,   0,   0,   0,   0,   0,
       0,   0,   0,   0,   0,   0,   0,   0,   0,     445,   0,   0,   0,   0,   0,   0,   0, 447,       0,   0,   0,   0,   0,   0,   0,   0,   0,       0,   0,   0,   0,   0,   0,   0,   0,   0,       0,   0,   0,   0,   0,   0,   0,   0,   0,
       0,   0,   0,   0,   0,   0,   0,   0,   0,       0,   0,   0,   0,   0,   0,   0,   0,   0,       0,   0,   0,   0,   0,   0,   0,   0,   0,       0,   0,   0,   0,   0,   0,   0,   0,   0,       0,   0,   0,   0,   0,   0,   0,   0,   0,
       0,   0,   0,   0,   0,   0,   0,   0,   0,       0,   0,   0,   0,   0,   0,   0,   0,   0,       0,   0,   0,   0,   0,   0,   0,   0,   0,       0,   0,   0,   0,   0,   0,   0,   0,   0,       0,   0,   0,   0,   0,   0,   0,   0,   0,
       0,   0,   0,   0,   0,   0,   0,   0,   0,       0,   0,   0,   0,   0,   0,   0,   0,   0,       0,   0,   0,   0,   0,   0,   0,   0,   0,       0,   0,   0,   0,   0,   0,   0,   0,   0,       0,   0,   0,   0,   0,   0,   0,   0,   0,
       0,   0,   0,   0,   0,   0,   0,   0,   0,       0,   0,   0,   0,   0,   0,   0,   0,   0,       0,   0,   0,   0,   0,   0,   0,   0,   0,       0,   0,   0,   0,   0,   0,   0,   0,   0,       0,   0,   0,   0,   0,   0,   0,   0,   0,
       0,   0,   0,   0,   0,   0,   0,   0,   0,       0,   0,   0,   0,   0,   0,   0,   0,   0,       0,   0,   0,   0,   0,   0,   0,   0,   0,       0,   0,   0,   0,   0,   0,   0,   0,   0,       0,   0,   0,   0,   0,   0,   0,   0,   0,
       0,   0,   0,   0,   0,   0,   0,   0,   0,       0,   0,   0,   0,   0,   0,   0,   0,   0,       0,   0,   0,   0,   0,   0,   0,   0,   0,       0,   0,   0,   0,   0,   0,   0,   0,   0,       0,   0,   0,   0,   0,   0,   0,   0,   0,
       0,   0,   0,   0,   0,   0,   0,   0,   0,       0,   0,   0,   0,   0,   0,   0,   0,   0,       0,   0,   0,   0,   0,   0,   0,   0,   0,       0,   0,   0,   0,   0,   0,   0,   0,   0,       0,   0,   0,   0,   0,   0,   0,   0,   0,

"#----------------------------------------",
"#vs 2P桂",
"#----------------------------------------",
"# 　０枚                                           　１枚                                           　２枚                                           　３枚                                           　４枚                                      ",
       0,   0,   0,   0,   0,   0,   0,   0,   0,       0, 562,   0,   0,   0,   0,   0,-358,   0,       0,   0,   0,   0,   0,   0,   0,   0,   0,       0,   0,   0,   0,   0,   0,   0,   0,   0,       0,   0,   0,   0,   0,   0,   0,   0,   0,
       0,   0,   0,   0,   0,   0,   0,   0,   0,       0,   0,   0,   0,   0,   0,   0,   0,   0,       0,   0,   0,   0,   0,   0,   0,   0,   0,       0,   0,   0,   0,   0,   0,   0,   0,   0,       0,   0,   0,   0,   0,   0,   0,   0,   0,
       0,   0,   0,   0,   0,   0,   0,   0,   0,       0,   0,   0,   0,   0,   0,  -1,   0,   0,       0,   0,   0,   0,   0,   0,   0,   0,   0,       0,   0,   0,   0,   0,   0,   0,   0,   0,       0,   0,   0,   0,   0,   0,   0,   0,   0,
       0,   0,   0,   0,   0,   0,   0,   0,   0,       0,   0,   0,   0,   0,   0,   0,   0,   0,       0,   0,   0,   0,   0,   0,   0,   0,   0,       0,   0,   0,   0,   0,   0,   0,   0,   0,       0,   0,   0,   0,   0,   0,   0,   0,   0,
       0,   0,   0,   0,   0,   0,   0,   0,   0,       0,   0,   0,   0,   0,   0,   0,   0,   0,       0,   0,   0,   0,   0,   0,   0,   0,   0,       0,   0,   0,   0,   0,   0,   0,   0,   0,       0,   0,   0,   0,   0,   0,   0,   0,   0,
       0,   0,   0,   0,   0,   0,   0,   0,   0,       0,   0,   0,   0,   0,   3,   0,   0,   0,       0,   0,   0,   0,   0,   0,   0,   0,   0,       0,   0,   0,   0,   0,   0,   0,   0,   0,       0,   0,   0,   0,   0,   0,   0,   0,   0,
       0,   0,   0,   0,   0,   0,   0,   0,   0,       0,   0,   0,   0,   0,   0,   0,   0,   0,       0,   0,   0,   0,   0,   0,   0,   0,   0,       0,   0,   0,   0,   0,   0,   0,   0,   0,       0,   0,   0,   0,   0,   0,   0,   0,   0,
       0,   0,   0,   0,   0,   0,   0,   0,   0,       0,   0,   0,   0,   0,   0,   0,   0,   0,       0,   0,   0,   0,   0,   0,   0,   0,   0,       0,   0,   0,   0,   0,   0,   0,   0,   0,       0,   0,   0,   0,   0,   0,   0,   0,   0,
       0,   0,   0,   0,   0,   0,   0,   0,   0,       0,   0,   0,   0,   0,   0,   0,   0,   0,       0,   0,   0,   0,   0,   0,   0,   0,   0,       0,   0,   0,   0,   0,   0,   0,   0,   0,       0,   0,   0,   0,   0,   0,   0,   0,   0,

"#----------------------------------------",
"#vs 2P銀",
"#----------------------------------------",
"# 　０枚                                           　１枚                                           　２枚                                           　３枚                                           　４枚                                      ",
       0,   0,   0,   0,   0,   0,   0,   0,   0,       0,   0, 215,   0,   0,   0, 562,   0,   0,       0,   0,   0,   0,   0,   0,   0,   0,   0,       0,   0,   0,   0,   0,   0,   0,   0,   0,       0,   0,   0,   0,   0,   0,   0,   0,   0,
       0,   0,   0,   0,   0,   0,   0,   0,   0,       0,   0, 563, 563,   0, 563, 303, 445,   3,       0,   0,   0,   0,   0,   0,   0,   0,   0,       0,   0,   0,   0,   0,   0,   0,   0,   0,       0,   0,   0,   0,   0,   0,   0,   0,   0,
       0,   0,   0,   0,   0,   0,   0,   0,   0,       0,   0,   0,  -1,   0,   0,-257,   3,   0,       0,   0,  -2,   0,  -2,   0,   0,   0,   0,       0,   0,   0,   0,   0,   0,   0,   0,   0,       0,   0,   0,   0,   0,   0,   0,   0,   0,
       0,   0,   0,   0,   0,   0,   0,   0,   0,       0,   0,   0,   0,   0,   0,   0,   3,   3,       0,   0,   0,   0,  -2,   0,   0,   0,   0,       0,   0,   0,   0,   0,   0,   0,   0,   0,       0,   0,   0,   0,   0,   0,   0,   0,   0,
       0,   0,   0,   0,   0,   0,   0,   0,   0,       0,   0,   0,   0,   0,   0,   0,   0,   3,       0,   0,   0,   0,   0,   0,   0,   0,   0,       0,   0,   0,   0,   0,   0,   0,   0,   0,       0,   0,   0,   0,   0,   0,   0,   0,   0,
       0,   0,   0,   0,   0,   0,   0,   0,   0,       0,   0,   0,   1,   0,   0,   0,   0,   3,       0,   0,   0,   0,   0,   0,   0,   0,   0,       0,   0,   0,   0,   0,   0,   0,   0,   0,       0,   0,   0,   0,   0,   0,   0,   0,   0,
       0,   0,   0,   0,   0,   0,   0,   0,   0,       0,   0,   0,   0,   0,   0,   0,   0,   0,       0,   0,   0,   0,   0,   0,   0,   0,   0,       0,   0,   0,   0,   0,   0,   0,   0,   0,       0,   0,   0,   0,   0,   0,   0,   0,   0,
       0,   0,   0,   0,   0,   0,   0,   0,   0,       0,   0,   0,   0,   1,   0,   0,   0,   3,       0,   0,   0,   0,   0,   0,   0,   0,   0,       0,   0,   0,   0,   0,   0,   0,   0,   0,       0,   0,   0,   0,   0,   0,   0,   0,   0,
       0,   0,   0,   0,   0,   0,   0,   0,   0,       0,   0,   0,   0,   0,   0,   0,   0,   0,       0,   0,   0,   0,   0,   0,   0,   0,   0,       0,   0,   0,   0,   0,   0,   0,   0,   0,       0,   0,   0,   0,   0,   0,   0,   0,   0,

"#----------------------------------------",
"#vs 2P金",
"#----------------------------------------",
"# 　０枚                                           　１枚                                           　２枚                                           　３枚                                           　４枚                                      ",
       0,   0,   0,   0,   0,   0,   0,   0,   0,       0,   0, 447,-289, 563,-258,   0,   0,   0,       0,   0,   0,  -2,   0,   0,   0,   0,   0,       0,   0,   0,   0,   0,   0,   0,   0,   0,       0,   0,   0,   0,   0,   0,   0,   0,   0,
       0,   0,   0,   0,   0,   0,   0,   0,   0,       0,   0,  -4, 563, 563, 563,-258,   0,   0,       0,   0,   0,   0,   0,   0,   0,   0,   0,       0,   0,   0,   0,   0,   0,   0,   0,   0,       0,   0,   0,   0,   0,   0,   0,   0,   0,
       0,   0,   0,   0,   0,   0,   0,   0,   0,       0,   0,   3,  -8,   0,  -5,   0,   0,   0,       0,   0,   0,  -2,   0, -56,   0,   0,   0,       0,   0,   0,   0,   0,   0,   0,   0,   0,       0,   0,   0,   0,   0,   0,   0,   0,   0,
       0,   0,   0,   0,   0,   0,   0,   0,   0,       0,   0,  -4,   0,   0,  -1,   0,   1,   0,       0,   0,   0,   0, -56,   0,   0,   0,   0,       0,   0,   0,   0,   0,   0,   0,   0,   0,       0,   0,   0,   0,   0,   0,   0,   0,   0,
       0,   0,   0,   0,   0,   0,   0,   0,   0,       0,   0,   0,   0,   0,   0,   0,   0,   0,       0,   0,   0,   0,   0,   0,   0,   0,   0,       0,   0,   0,   0,   0,   0,   0,   0,   0,       0,   0,   0,   0,   0,   0,   0,   0,   0,
       0,   0,   0,   0,   0,   0,   0,   0,   0,       0,   0,   0,   0,   0,   1,   0,   0,   0,       0,   0,   0,   0,   0,   0,   0,   0,   0,       0,   0,   0,   0,   0,   0,   0,   0,   0,       0,   0,   0,   0,   0,   0,   0,   0,   0,
       0,   0,   0,   0,   0,   0,   0,   0,   0,       0,   0,   0,   0,   0,   0,   0,   0,   0,       0,   0,   0,   0,   0,   0,   0,   0,   0,       0,   0,   0,   0,   0,   0,   0,   0,   0,       0,   0,   0,   0,   0,   0,   0,   0,   0,
       0,   0,   0,   0,   0,   0,   0,   0,   0,       0,   0,   0,   0,   0,   1,   1,   0,   0,       0,   0,   0,   0,   0,   0,   0,   0,   0,       0,   0,   0,   0,   0,   0,   0,   0,   0,       0,   0,   0,   0,   0,   0,   0,   0,   0,
       0,   0,   0,   0,   0,   0,   0,   0,   0,       0,   0,   0,   0, -40,   1,   0,   0,   0,       0,   0,   0,   0,   0,   0,   0,   0,   0,       0,   0,   0,   0,   0,   0,   0,   0,   0,       0,   0,   0,   0,   0,   0,   0,   0,   0,

"#----------------------------------------",
"#vs 2P飛",
"#----------------------------------------",
"# 　０枚                                           　１枚                                           　２枚                                           　３枚                                           　４枚                                      ",
       0,   0,   0,   0,   0,   0,   0,   0,   0,       0,   0,   0,   0, 303,   0,   0,   0,   0,       0,   0,   0,   0,   0,   0,   0,   0,   0,       0,   0,   0,   0,   0,   0,   0,   0,   0,       0,   0,   0,   0,   0,   0,   0,   0,   0,
       0,   0,   0,   0,   0,   0,   0,   0,   0,       0,-257,   0,-288, 563, 445, 563, 303, 303,       0,   0,   0,   0,   0,   0,   0,   0,   0,       0,   0,   0,   0,   0,   0,   0,   0,   0,       0,   0,   0,   0,   0,   0,   0,   0,   0,
       0,   0,   0,   0,   0,   0,   0,   0,   0,       0,   0,   0,   0, 303,   0,   0,   0,   0,       0,   0,   0,   0,   0,   0,   0,   0,   0,       0,   0,   0,   0,   0,   0,   0,   0,   0,       0,   0,   0,   0,   0,   0,   0,   0,   0,
       0,   0,   0,   0,   0,   0,   0,   0,   0,       0, -94,   0,   0, 445,   0,   0,   0,   0,       0,   0,   0,   0,   0,   0,   0,   0,   0,       0,   0,   0,   0,   0,   0,   0,   0,   0,       0,   0,   0,   0,   0,   0,   0,   0,   0,
       0,   0,   0,   0,   0,   0,   0,   0,   0,       0,   0,   0,   0, 303,   0,   0,   0,   0,       0,   0,   0,   0,   0,   0,   0,   0,   0,       0,   0,   0,   0,   0,   0,   0,   0,   0,       0,   0,   0,   0,   0,   0,   0,   0,   0,
       0,   0,   0,   0,   0,   0,   0,   0,   0,       0,   0,   0,   0, 303,   0, -40,   0,   0,       0,   0,   0,   0,   0,   0,   0,   0,   0,       0,   0,   0,   0,   0,   0,   0,   0,   0,       0,   0,   0,   0,   0,   0,   0,   0,   0,
       0,   0,   0,   0,   0,   0,   0,   0,   0,       0,   0,   0,   0, 303,   0,   0,   0,   0,       0,   0,   0,   0,   0,   0,   0,   0,   0,       0,   0,   0,   0,   0,   0,   0,   0,   0,       0,   0,   0,   0,   0,   0,   0,   0,   0,
       0,   0,   0,   0,   0,   0,   0,   0,   0,       0,   0,   0,   0,   0,   0,   0,  -1,   0,       0,   0,   0,   0,   0,   0,   0,   0,   0,       0,   0,   0,   0,   0,   0,   0,   0,   0,       0,   0,   0,   0,   0,   0,   0,   0,   0,
       0,   0,   0,   0,   0,   0,   0,   0,   0,       0,   0,   0,   0,   0,   0,   1,  -4,   0,       0,   0,   0,   0,   0,   0, -56,   0,   0,       0,   0,   0,   0,   0,   0,   0,   0,   0,       0,   0,   0,   0,   0,   0,   0,   0,   0,

"#----------------------------------------",
"#vs 2P角",
"#----------------------------------------",
"# 　０枚                                           　１枚                                           　２枚                                           　３枚                                           　４枚                                      ",
       0,   0,   0,   0,   0,   0,   0,   0,   0,       0,   0,  11,   0, 567,   0,  -1,  11,   0,       0,   0,   0,   0,   0,   0,   0,   0,   0,       0,   0,   0,   0,   0,   0,   0,   0,   0,       0,   0,   0,   0,   0,   0,   0,   0,   0,
       0,   0,   0,   0,   0,   0,   0,   0,   0,      11,   0,   0,  11,   0,-356,  11, 566,  11,       0,   0,   0,   0,   0,   0,   0,   0,   0,       0,   0,   0,   0,   0,   0,   0,   0,   0,       0,   0,   0,   0,   0,   0,   0,   0,   0,
       0,   0,   0,   0,   0,   0,   0,   0,   0,       0,   0,   0,   0,-356,   0,   0,   0,   0,       0,   0,   0,   0,   0,   0,  -2,   0,   0,       0,   0,   0,   0,   0,   0,   0,   0,   0,       0,   0,   0,   0,   0,   0,   0,   0,   0,
       0,   0,   0,   0,   0,   0,   0,   0,   0,     567,  11,  11,  11,  11, 567,   0, 565,  11,       0,   0,   0,   0,   0,   0,   0,   0,   0,       0,   0,   0,   0,   0,   0,   0,   0,   0,       0,   0,   0,   0,   0,   0,   0,   0,   0,
       0,   0,   0,   0,   0,   0,   0,   0,   0,      11,  11,  11,  11, 567,  11,  11,  11, 565,       0,   0,   0,   0,   0,   0,   0,   0,   0,       0,   0,   0,   0,   0,   0,   0,   0,   0,       0,   0,   0,   0,   0,   0,   0,   0,   0,
       0,   0,   0,   0,   0,   0,   0,   0,   0,      11,  11,   0, 567, 567, 567,  11,   0,  11,       0,   0,   0,   0,   0,   0,   0,   0,   0,       0,   0,   0,   0,   0,   0,   0,   0,   0,       0,   0,   0,   0,   0,   0,   0,   0,   0,
       0,   0,   0,   0,   0,   0,   0,   0,   0,       0,   0,-356,   1,  11,   0,   0,  11,   9,       0,   0,   0,   0,   0,   0,   0,   0,   0,       0,   0,   0,   0,   0,   0,   0,   0,   0,       0,   0,   0,   0,   0,   0,   0,   0,   0,
       0,   0,   0,   0,   0,   0,   0,   0,   0,      11,  11,  11,  11,   0,  11,  11,   9,  11,       0,   0,   0,   0,   0,   0,   0,   0,   0,       0,   0,   0,   0,   0,   0,   0,   0,   0,       0,   0,   0,   0,   0,   0,   0,   0,   0,
       0,   0,   0,   0,   0,   0,   0,   0,   0,       0,   0,   0,   0,  11,  11, 566,   0,   0,       0,   0,   0,   0,   0,   0,   0,   0,   0,       0,   0,   0,   0,   0,   0,   0,   0,   0,       0,   0,   0,   0,   0,   0,   0,   0,   0,

"#----------------------------------------",
"#vs 持ち駒 1P歩x0～18",
"#----------------------------------------",
       0,   0,   0,   0,   0,   0,   0,   0,   0,   0,   0,   0,   0,   0,   0,   0,   0,   0,   0,
       0,   0,   0,   0,   0,   0,   0,   0,   0,   0,   0,   0,   0,   0,   0,   0,   0,   0,   0,
       0,   0,   0,   0,   0,   0,   0,   0,   0,   0,   0,   0,   0,   0,   0,   0,   0,   0,   0,
       0,   0,   0,   0,   0,   0,   0,   0,   0,   0,   0,   0,   0,   0,   0,   0,   0,   0,   0,
       0,   0,   0,   0,   0,   0,   0,   0,   0,   0,   0,   0,   0,   0,   0,   0,   0,   0,   0,
"#----------------------------------------",
"#vs 持ち駒 1P香x0～5",
"#----------------------------------------",
       0,   0,   0,   0,   0,
       0,   0,   0,   0,   0,
       0,   0,   0,   0,   0,
       0,   0,   0,   0,   0,
       0,   0,   0,   0,   0,
"#----------------------------------------",
"#vs 持ち駒 1P桂x0～5",
"#----------------------------------------",
       0,   0,   0,   0,   0,
       0,-181,   0,   0,   0,
       0,   0,   0,   0,   0,
       0,   0,   0,   0,   0,
       0,   0,   0,   0,   0,
"#----------------------------------------",
"#vs 持ち駒 1P銀x0～5",
"#----------------------------------------",
       0,   0,   0,   0,   0,
       0,  -1,   0,   0,   0,
       0,   0,   0,   0,   0,
       0,   0,   0,   0,   0,
       0,   0,   0,   0,   0,
"#----------------------------------------",
"#vs 持ち駒 1P金x0～5",
"#----------------------------------------",
       0,   0,   0,   0,   0,
       0,   0,   0,   0,   0,
       0,   0,   0,   0,   0,
       0,   0,   0,   0,   0,
       0,   0,   0,   0,   0,
"#----------------------------------------",
"#vs 持ち駒 1P飛x0～2",
"#----------------------------------------",
       0,   0,   0,
       0,   0,   0,
       0,   0,   0,
       0,   0,   0,
       0,   0,   0,
"#----------------------------------------",
"#vs 持ち駒 1P角x0～2",
"#----------------------------------------",
       0,   0,   0,
       0,-362,   0,
       0,   0,   0,
       0,   0,   0,
       0,   0,   0,
"#----------------------------------------",
"#vs 持ち駒 2P歩x0～18",
"#----------------------------------------",
       0,   0,   0,   0,   0,   0,   0,   0,   0,   0,   0,   0,   0,   0,   0,   0,   0,   0,   0,
       0,-261,  11,   0,   0,   0,   0,   0,   0,   0,   0,   0,   0,   0,   0,   0,   0,   0,   0,
       0,   0,   0,   0,   0,   0,   0,   0,   0,   0,   0,   0,   0,   0,   0,   0,   0,   0,   0,
       0,   0,   0,   0,   0,   0,   0,   0,   0,   0,   0,   0,   0,   0,   0,   0,   0,   0,   0,
       0,   0,   0,   0,   0,   0,   0,   0,   0,   0,   0,   0,   0,   0,   0,   0,   0,   0,   0,
"#----------------------------------------",
"#vs 持ち駒 2P香x0～5",
"#----------------------------------------",
       0,   0,   0,   0,   0,
       0,   0,   0,   0,   0,
       0,   0,   0,   0,   0,
       0,   0,   0,   0,   0,
       0,   0,   0,   0,   0,
"#----------------------------------------",
"#vs 持ち駒 2P桂x0～5",
"#----------------------------------------",
       0,   0,   0,   0,   0,
       0,   0,   0,   0,   0,
       0,   0,   0,   0,   0,
       0,   0,   0,   0,   0,
       0,   0,   0,   0,   0,
"#----------------------------------------",
"#vs 持ち駒 2P銀x0～5",
"#----------------------------------------",
       0,   0,   0,   0,   0,
       0, 567,   0,   0,   0,
       0,   0,   0,   0,   0,
       0,   0,   0,   0,   0,
       0,   0,   0,   0,   0,
"#----------------------------------------",
"#vs 持ち駒 2P金x0～5",
"#----------------------------------------",
       0,   0,   0,   0,   0,
       0,   0,   0,   0,   0,
       0,   0,   0,   0,   0,
       0,   0,   0,   0,   0,
       0,   0,   0,   0,   0,
"#----------------------------------------",
"#vs 持ち駒 2P飛x0～2",
"#----------------------------------------",
       0,   0,   0,
       0,  -1,   0,
       0,   0,   0,
       0,   0,   0,
       0,   0,   0,
"#----------------------------------------",
"#vs 持ち駒 2P角x0～2",
"#----------------------------------------",
       0,   0,   0,
       0,-260,   0,
       0,   0,   0,
       0,   0,   0,
       0,   0,   0,
